{"cameraMode":{"drawMode":0,"name":"Shaded","section":"Shading Mode"},"sceneLighting":false,"audioPlay":false,"sceneViewState":{"showFog":true,"showMaterialUpdate":false,"showSkybox":true,"showFlares":true,"showImageEffects":true,"showParticleSystems":true},"in2DMode":false,"pivot":{"x":0.43639862537384035,"y":0.011128425598144532,"z":-0.23424673080444337},"rotation":{"x":0.3759598433971405,"y":0.17605064809322358,"z":-0.07298679649829865,"w":0.9068259596824646},"size":9.742708206176758,"orthographic":false}