{"cameraMode":{"drawMode":0,"name":"Shaded","section":"Shading Mode"},"sceneLighting":false,"audioPlay":false,"sceneViewState":{"showFog":true,"showMaterialUpdate":false,"showSkybox":true,"showFlares":true,"showImageEffects":true,"showParticleSystems":true},"in2DMode":false,"pivot":{"x":-0.15600000321865083,"y":1.0499999523162842,"z":-0.24400000274181367},"rotation":{"x":0.3416580259799957,"y":-0.5219709277153015,"z":0.23973873257637025,"w":0.7438692450523377},"size":0.285788357257843,"orthographic":false}