{"cameraMode":{"drawMode":0,"name":"Shaded","section":"Shading Mode"},"sceneLighting":true,"audioPlay":false,"sceneViewState":{"showFog":true,"showMaterialUpdate":false,"showSkybox":true,"showFlares":true,"showImageEffects":true,"showParticleSystems":true},"in2DMode":false,"pivot":{"x":3.2491676807403566,"y":0.5546550750732422,"z":-4.611725807189941},"rotation":{"x":-0.24277932941913606,"y":0.7497844099998474,"z":-0.49183744192123415,"w":-0.3701048791408539},"size":6.961610794067383,"orthographic":false}